{
 "note": "flowutils logicle oracle",
 "cases": [
  {
   "params": {
    "t": 262144,
    "w": 0.5,
    "m": 4.5,
    "a": 0.0
   },
   "values": [
    -1000,
    -262.5,
    -100,
    -10,
    -1,
    -0.5,
    0,
    0.5,
    1,
    3.3,
    10,
    42,
    100,
    317,
    1000,
    3162,
    10000,
    50000,
    100000,
    262144,
    300000
   ],
   "forward": [
    -0.23211535395017646,
    -0.08842215644073109,
    0.009041134692025388,
    0.099917946544774,
    0.1099906900730379,
    0.11055089645776897,
    0.1111111111111111,
    0.11167132576445324,
    0.11223153214918431,
    0.11480813942653732,
    0.12230427567744821,
    0.1573371931646286,
    0.21318108753019682,
    0.33133687888762114,
    0.45433757617239867,
    0.5707832612108926,
    0.6838326572265573,
    0.8399310168878039,
    0.9069275914814589,
    1.0,
    1.0130230681319403
   ],
   "inverse_of_forward": [
    -1000.0,
    -262.50000000000006,
    -100.00000000000001,
    -10.0,
    -0.9999999999999963,
    -0.5000000000000022,
    0.0,
    0.5000000000000022,
    0.9999999999999963,
    3.3000000000000047,
    10.0,
    42.00000000000003,
    100.00000000000001,
    317.0,
    1000.0,
    3162.0000000000005,
    9999.999999999995,
    49999.99999999999,
    100000.00000000012,
    262144.0,
    300000.00000000047
   ]
  },
  {
   "params": {
    "t": 262144,
    "w": 1.0,
    "m": 4.5,
    "a": 0.0
   },
   "values": [
    -1000,
    -262.5,
    -100,
    -10,
    -1,
    -0.5,
    0,
    0.5,
    1,
    3.3,
    10,
    42,
    100,
    317,
    1000,
    3162,
    10000,
    50000,
    100000,
    262144,
    300000
   ],
   "forward": [
    0.03813323848718597,
    0.1638004406600595,
    0.1996489705135676,
    0.2199597782467301,
    0.22199597288068995,
    0.22210909753280217,
    0.2222222222222222,
    0.22233534691164225,
    0.22244847156375447,
    0.22296884342408912,
    0.22448466619771432,
    0.23172094722132905,
    0.24479547393087683,
    0.29223130457772706,
    0.40631120595725845,
    0.5493118390263753,
    0.6762208182193373,
    0.838486041858377,
    0.9063558264967823,
    1.0,
    1.013069298601729
   ],
   "inverse_of_forward": [
    -1000.0000000000002,
    -262.5000000000002,
    -100.00000000000001,
    -9.99999999999997,
    -1.000000000000015,
    -0.5000000000000258,
    0.0,
    0.5000000000000258,
    1.000000000000015,
    3.29999999999997,
    9.99999999999997,
    42.000000000000014,
    100.00000000000001,
    317.0000000000002,
    1000.0000000000002,
    3162.000000000001,
    9999.999999999998,
    50000.00000000006,
    100000.0,
    262144.00000000006,
    300000.0000000003
   ]
  },
  {
   "params": {
    "t": 1000,
    "w": 0.1,
    "m": 4.5,
    "a": 0.0
   },
   "values": [
    -1000,
    -262.5,
    -100,
    -10,
    -1,
    -0.5,
    0,
    0.5,
    1,
    3.3,
    10,
    42,
    100,
    317,
    1000,
    3162,
    10000,
    50000,
    100000,
    262144,
    300000
   ],
   "forward": [
    -0.9555555555555556,
    -0.8264676075522055,
    -0.7333155313977605,
    -0.510920601354573,
    -0.28732087175245075,
    -0.21951265441882822,
    0.022222222222222223,
    0.2639570988632727,
    0.3317653161968952,
    0.4480055577600508,
    0.5553650457990174,
    0.6940105081862167,
    0.7777599758422049,
    0.8891200061354027,
    1.0,
    1.1111039953197686,
    1.2222240106763993,
    1.3775508373927505,
    1.4444464118724112,
    1.537455295718616,
    1.550473370624412
   ],
   "inverse_of_forward": [
    -999.9999999999999,
    -262.50000000000006,
    -100.00000000000007,
    -9.999999999999995,
    -1.0000000000000002,
    -0.5,
    0.0,
    0.5,
    1.0000000000000002,
    3.3000000000000007,
    9.999999999999995,
    41.99999999999998,
    100.00000000000007,
    316.99999999999983,
    999.9999999999999,
    3162.000000000003,
    10000.000000000011,
    49999.99999999996,
    100000.00000000001,
    262144.00000000006,
    300000.00000000023
   ]
  },
  {
   "params": {
    "t": 262144,
    "w": 0.5,
    "m": 4.5,
    "a": 1.0
   },
   "values": [
    -1000,
    -262.5,
    -100,
    -10,
    -1,
    -0.5,
    0,
    0.5,
    1,
    3.3,
    10,
    42,
    100,
    317,
    1000,
    3162,
    10000,
    50000,
    100000,
    262144,
    300000
   ],
   "forward": [
    -0.008094380504689802,
    0.10947278109394731,
    0.1892154738389299,
    0.26356922899117874,
    0.2718105646052128,
    0.2722689152836291,
    0.2727272727272727,
    0.2731856301709163,
    0.2736439808493326,
    0.27575211407625777,
    0.2818853164633667,
    0.3105486125892415,
    0.3562390716156155,
    0.45291199181714453,
    0.5535489259592352,
    0.6488226682634576,
    0.7413176286399106,
    0.8690344683627486,
    0.923849847575739,
    1.0,
    1.0106552375624966
   ],
   "inverse_of_forward": [
    -999.9999999999991,
    -262.5,
    -100.0,
    -9.999999999999975,
    -1.0000000000000067,
    -0.5000000000000273,
    0.0,
    0.5000000000000273,
    1.0000000000000067,
    3.2999999999999807,
    9.999999999999975,
    42.0,
    100.0,
    317.00000000000006,
    999.9999999999991,
    3162.0000000000005,
    10000.000000000004,
    49999.999999999985,
    99999.99999999993,
    262144.0,
    300000.0000000004
   ]
  },
  {
   "params": {
    "t": 10000,
    "w": 0.3,
    "m": 4.0,
    "a": 0.0
   },
   "values": [
    -1000,
    -262.5,
    -100,
    -10,
    -1,
    -0.5,
    0,
    0.5,
    1,
    3.3,
    10,
    42,
    100,
    317,
    1000,
    3162,
    10000,
    50000,
    100000,
    262144,
    300000
   ],
   "forward": [
    -0.5996309597110827,
    -0.45332949391625776,
    -0.3463791010929482,
    -0.08368826248830066,
    0.05509316522377267,
    0.06502182069415059,
    0.075,
    0.0849781793058494,
    0.09490683477622733,
    0.13863876990246532,
    0.23368826248830066,
    0.39812608086298984,
    0.4963791010929482,
    0.6240576698850784,
    0.7496309597110827,
    0.8749001758299751,
    1.0,
    1.174776341435446,
    1.250038098707655,
    1.3546757184940263,
    1.3693212573146
   ],
   "inverse_of_forward": [
    -1000.0000000000001,
    -262.5,
    -100.00000000000006,
    -10.0,
    -0.9999999999999982,
    -0.49999999999999994,
    0.0,
    0.49999999999999994,
    0.9999999999999982,
    3.299999999999999,
    10.0,
    42.0,
    99.99999999999997,
    316.9999999999999,
    1000.0000000000001,
    3162.0000000000014,
    10000.0,
    50000.0,
    100000.00000000013,
    262144.0,
    300000.0
   ]
  },
  {
   "params": {
    "t": 471646.273,
    "w": 1.8,
    "m": 4.5,
    "a": 0.0
   },
   "values": [
    -1000,
    -262.5,
    -100,
    -10,
    -1,
    -0.5,
    0,
    0.5,
    1,
    3.3,
    10,
    42,
    100,
    317,
    1000,
    3162,
    10000,
    50000,
    100000,
    262144,
    300000
   ],
   "forward": [
    0.3896800501477422,
    0.39729051057704706,
    0.3989678016560717,
    0.3998967799665614,
    0.39998967799645757,
    0.399994838998228,
    0.4,
    0.400005161001772,
    0.4000103220035425,
    0.4000340626116247,
    0.4001032200334386,
    0.40043352400011967,
    0.40103219834392834,
    0.4032720107459571,
    0.41031994985225784,
    0.4325700424891235,
    0.5008024946152478,
    0.7298449367888152,
    0.8250733559057434,
    0.9375550283376702,
    0.9521796372660978
   ],
   "inverse_of_forward": [
    -999.9999999999974,
    -262.4999999999987,
    -99.99999999999922,
    -9.999999999999613,
    -0.9999999999978565,
    -0.5000000000013499,
    0.0,
    0.5000000000013499,
    0.9999999999978565,
    3.3000000000000567,
    9.999999999999613,
    42.0000000000019,
    99.99999999999922,
    316.9999999999975,
    999.9999999999974,
    3161.9999999999995,
    10000.0,
    50000.000000000015,
    100000.00000000001,
    262143.9999999999,
    300000.00000000006
   ]
  },
  {
   "params": {
    "t": 2669534.502,
    "w": 1.25,
    "m": 4.5,
    "a": 0.0
   },