{"polygon": [[0.5, 0.5], [3.0, 0.8], [2.5, 3.2], [1.0, 2.8], [0.2, 1.5]], "x": [2.750615403935046, 3.1061112636278065, -0.10445513887187195, 2.6967867483594827, 0.038077257237292696, 1.0573517017768412, 2.204233504338791, 1.3623396350747907, 1.8292561054665062, 2.9760509223688447, 2.68396850835857, 3.576931702458594, 2.7692106877098, 1.4602282156535435, 0.1480158666837009, 2.6280010548128323, 0.8684665041802382, 1.4721344073583933, 0.045670322408980925, 0.45301926601371334, 1.3360380592637893, 2.4411134284094462, 2.9954911658598444, 1.1274091919267328, 2.366481116694897, 0.33961445039545496, 2.8050823855089813, 2.4616945902306075, 1.4274462572610278, 0.0871473921361613, 2.307292439519981, 1.8739916472209932, 2.1658169440024815, 1.848670075130737, -0.3705650948146545, 0.4012556258420227, 3.0842929077262977, -0.2551284849059227, 0.7330937826200712, 1.8395350398333692, 2.290116869375028, 2.9188856155973455, -0.404609292837786, 2.5339092725050913, 0.17734147194112757, 0.13971083139530738, 1.373856357410929, 0.7663507744210815, 1.0196129643242398, -0.004375211093835652, 3.3160389009719498, 0.6166538381299823, 2.7707537966563374, 1.3873183090039125, -0.09515795895530295, 1.4142604173011666, 0.7850178214327406, 0.2424456883447732, 2.6857820253078826, 1.3147907670554357, 1.9532114694334894, -0.1453338512124658, -0.3252204697800516, 0.8854170917976983, -0.06570753556528308, 0.21649046785492165, 1.940456786741659, 1.9818450642219505, 3.5259486956140704, 2.787487954451202, 1.5439649895202736, 3.438871110894928, 1.4886554844392061, 0.8925897888387192, 1.3434281332811961, 2.970426081616303, 0.08904617379416527, -0.04398188723113708, 0.681181892123835, 2.553377380004907, -0.047488026985234424, 0.4668987617584995, 1.8303803714442302, 2.9851169211561355, 0.8319833498554046, 0.7218549201884983, 0.5750533803839316, 0.19135283384447624, 1.3274076520127593, 3.245044518270639, 3.2413284616898044, 1.679205113623086, 2.74245221486615, 1.0693624612695825, 2.636516367665909, 3.434615232241873, 0.01558331612824133, 0.143794129822875, 2.017407724387543, 0.3250255960012077, 2.765100320612946, 1.6031129820498378, -0.4414675916255535, 0.05365331470338837, 0.011696519439830744, 2.4159022297001234, 0.339057736972242, 2.504709944386367, 0.05044255654071568, 3.3957627142273323, 0.763984505479947, 2.2840296936070463, 0.703074152904631, -0.3955901361777235, 2.1626954690605578, 0.0894263076684331, 3.5581740310013634, 3.418697530720887, 1.4630027265322245, -0.4250855072966515, 2.9836001825074927, 0.47709111625902156, 2.045266446940046, 2.033050060822648, 1.0715729823101674, 2.2381103074358917, 1.406366904720459, 0.49398192458984086, 2.9295888063804236, -0.22045280078825172, 0.11392762560933281, 0.8034056304811127, 3.368075984447291, 0.6958243458193294, -0.014941732605509107, -0.2673392815101075, -0.2757958829658634, 2.359001012557927, 0.8355626071986076, 3.175020757385356, -0.31740473954627385, 0.4943284586384633, 1.8991771373196455, -0.29313269630410527, 1.6997623846140764, 3.0005259259119508, 3.384335849875861, 3.043014796710562, 3.6141968584636897, 2.7738056712395815, 2.771784689228142, 1.7514857509800767, 3.101803005314742, 1.1173758836214847, 0.6191459335035535, 1.5070845508997324, 0.4767937502212696, 1.038848289270239, 1.0937491348531017, 0.7468811931993983, 3.348661682060347, 0.879117061019693, 3.063954052849223, 2.878445677377725, 2.1582540429240074, 2.5865512817032212, 2.4181521410376927, 0.05483191666648453, -0.10059785743427463, -0.145128480941215, 0.0771133061587691, 2.863713539557406, 2.787021239444097, 3.4733136638327875, 1.9783187605048986, 2.0878959401013097, 1.8727925681842559, 1.4571376425211549, 2.7084782380276695, 1.5670435054168024, 3.411192189898428, -0.008165023219535852, 2.263025797170217, 2.7521499477957416, 0.9012785849786004, 2.70263501769674, 1.029606474642627, 0.1619689242249986, 3.431735346178125, 1.1099432556651214, 1.8225708740621798, 2.777266274419447, 1.08070978861947, 2.5145929912153027, -0.0023899756884262725, 2.175710312763072, 1.970683599870727, -0.4483287192678681, 2.966677947024549, 1.4259019435539146, 0.7680950440584647, 2.781434948812367, 3.687545562917807, 0.6924154390289637, -0.05303796614019194, 2.295875891647455, -0.12014894666664244, -0.37820208654122844, 0.10069187569986704, 0.3324577542941711, 2.2563299651754587, -0.4771946966594581, 2.0448857461204564, 0.5019218466350316, -0.2596258513563064, 3.3967408067235776, 2.4321072927102763, -0.331364541902321, 0.024679453083700943, 2.629790138981147, 3.074750619000127, 2.5854085861276785, 0.6371867555347611, 3.6168600965744635, -0.2710986770365585, -0.32212768336329817, 2.480228797422607, -0.1147717755383681, 3.6161141541276085, 2.7931399830339134, 1.904135229826277, 3.4733027049439995, 1.9276723063916772, 2.2267792520302976, 0.1234437576642436, 1.1969444411112171, 0.0007136100305274107, 0.667917292281281, 1.29719349746167, 2.165442293156705, 1.216889059600528, 1.9708862433178347, -0.34854869603507244, 1.4913572353787155, 1.9043233191128859, 2.44840916066356, 2.2402188373883325, 2.8072153323410065, 1.3119564197555384, 1.014760804691068, 2.594163891625325, 3.368440228639805, 1.6851554819103902, 0.8206929053256453, 1.5753949153731786, -0.19735158229363647, -0.2666147489911128, 0.9033461701064925, 0.8183521531683549, -0.4383320570477028, 3.0975016990131445, 0.14517417605466618, 0.002624734632556235, 3.525402559784084, 2.7428405436892596, 2.3881932064975886, 1.128935119687329, -0.45494389110215977, 1.705370872462497, 0.1968088450814413, 3.6543586112711433, 3.0240928697031966, 0.09470273198885375, 1.1488054065360636, 2.672386725737927, 1.4711731235996854, 0.25989193936964616, -0.31247382630802867, 0.7266491873210191, 1.963069726662143, -0.14671559486109548, 3.043071216002673, 2.2264260105639524, 2.704192679966022, 1.0397552167169721, 0.9215172298487694, 1.5268045360666347, 3.0784651709009103, 3.3201194242596697, 3.0711520551016314, 1.595031225832238, -0.05908519323650355, 3.3528182247170397, 0.24552764623526346, 0.3047326405833393, 3.3953339257169124, 0.7916473041673019, -0.46927928356933435, 2.452740555935349, 3.623584979678649, 1.5055246692364777, 3.293977062249023, 3.5454871389073945, 3.1405660407000915, 2.5761367125739083, 1.823035970127356, 3.5732234901633917, 0.7105586310492021, 2.649930859328128, 0.02025305442972829, 2.76484113562255, 3.63926871187869, 3.607251312110129, 2.833465032351885, 1.8329391825786086, 3.3837470023235325, -0.34472294575506823, -0.29546641628182463, 2.3362836404034333, 2.7496268675568305, 2.6056121676013415, -0.2943524187422272, 2.1119706481760323, -0.48109947525343166, 2.344607077330468, 1.1856933417242292, 2.3207737971946067, 3.0816807444540335, 3.08404761880505, 1.9793450537092259, 0.6542652131712815, 0.28789346414586364, 0.9360931418917736, 2.8912127451003835, 0.7447206394468927, 0.07464936772443045, 3.6898361565042523, 1.9998939297361615, 3.3442547931993305, 0.06434103591485832, -0.21789999083937903, -0.42579111980036877, 2.165069112797548, 1.2656034403221639, 2.6582451106146454, 0.6950716754696661, 0.4874078908987699, 3.3180722205763837, 2.617735387555502, 2.24444467783988, 0.5137626588319842, 0.1528545691503744, 0.6896371196504791, 2.8262925855937713, 1.3412222860536103, 3.6777473455271044, 2.9214814610951074, 2.807877312163225, 1.8611170816978033, 2.2422729315687935, 1.6534746700604677, -0.3494604440437146, -0.06738872665333309, 0.5334797683207416, 1.411494938129402, 0.8127937859200526, -0.03127845335324784, -0.24578050652854824, 0.36948627440421034, 1.1553282641480096, -0.4930250277658378, 3.123611167711688, 1.6343028944140754, 0.8989954762446789, 2.7784407776116544, 0.5934638823440502, 0.5184279827189975, 2.3696851021670144, 0.88909011663044, -0.2960089826427761, 2.488543774706467, -0.3010291159769762, 3.3590574128288684, 0.2909522942076777, -0.035356236238746265, 0.5148834167041603, 1.97882060761773, -0.48008614977012953, 2.1003001629932907, 2.746337030168193, 0.5679066317674607, 1.408721207254363, 3.6355280411941036, 2.915269252444474, 2.856696793414262, 